0_0,0_1,1_0,1_1,2_0,2_1,3_0,3_1,4_0,4_1,5_0,5_1,6_0,6_1,7_0,7_1
2418.8276,2240.296143,338.2093,211.7842407,34269.5784,30577.27344,23789.4133,20773.90625,13326.0418,12249.54297,7.5729,0,407.0149,395.4436035,74556.6582,67509.64063
2401.9952,2244.682129,307.6624,240.8441467,32420.8932,26628.54297,22571.3934,20359.16406,13665.3611,12742.03809,0.55,2.196941376,367.1319,429.1575317,71734.9872,62875.30078
2508.5846,2369.778809,287.22,243.7098083,30187.2768,28808.40039,20954.5595,21030.63086,14423.0491,13402.83789,0.6,2.472655296,348.2823,469.0080261,68709.5723,66240.35938
2492.6895,2345.167236,266.15,287.5732727,29448.683,25585.56641,20294.1657,22001.00195,14366.93,13199.60156,0.24,5.202504158,342.3915,460.7467651,67211.2497,63826.77734
2571.4368,2430.213623,297.88,337.2418823,31652.2737,28556.69727,21454.9399,21607.85156,15460.2465,14135.30957,0.27,2.354573965,384.4426,383.9030457,71821.4895,67933.98438
2556.9834,2362.137451,297.84,306.7687988,30003.8843,27118.29883,20850.6819,20217.94922,14614.3246,13496.95508,0.26,0,362.89,374.6234436,68686.8642,64872.64844
2591.41,2410.543457,298.3191,368.1225586,33219.1364,28683.8418,22999.0946,19914.375,15280.9738,13822.21777,0.4,0.366243005,386.5819,324.8640747,74775.9158,66448.85156
2731.69,2614.693848,320.46,324.2466736,37501.0336,38600.89453,25148.5426,28356.94141,15053.6782,14646.80762,0.5978,8.21321106,349.7062,492.8899536,81105.7084,84570.875
2561.5641,2615.952148,285.61,403.170929,34998.1145,34424.0625,23267.748,24555.41406,16455.5687,16268.15625,0.61,1.061470509,330.123,390.0387573,77899.3383,78808.14063
2546.0055,2557.355957,300.1,282.7127991,36335.523,37518.00391,23514.3175,27288.375,16781.8476,15592.00879,0.45,5.777090549,347.3619,516.2695923,79825.6055,81933.90625
2566.4036,2603.45752,247.81,320.7454224,37702.2869,37027.71484,24698.4763,26785.99609,17117.1632,15735.82324,0.3566,4.473882675,388.5686,471.4585266,82721.0652,82158.28125
2543.51,2616.329346,245.94,332.4394531,38190.52,41298.00391,24989.7055,28599.75781,16768.9769,15987.49316,0.28,3.376127481,369.6104,423.5286865,83108.5428,88491.21094
2509.87,2632.091553,264.07,434.8180542,36098.5139,37509.71875,23676.6865,25438.74414,16718.697,15817.45898,2.5423,0.463567466,368.7213,355.2411499,79639.101,82535.71875
2624.5952,2653.289551,255.6283,355.8473206,38971.1205,39831.42188,25520.4517,27234.72266,16255.936,15790.45508,0.4655,0.852862716,364.6326,416.5201416,83992.8298,85079.53125
2724.21,2619.266602,239.36,266.418457,42207.6244,40408.24609,27099.0366,27521.27344,16482.3508,15109.0166,0.39,1.057917237,359.3569,461.1788635,89112.3287,84923.16406
2694.7667,2535.119385,289.1186,283.7348328,39376.5577,35435.15234,25905.7306,24288.0293,16540.1707,15477.90332,0.22,0,323.5101,403.8152771,85130.0744,78566.94531
2757.318,2461.760498,251.0148,218.0815887,39541.3019,35159.98828,25194.7028,24258.34375,17132.5884,14705.78418,1.07,1.416166306,389.9541,459.0582275,85267.95,77207.03906
2696.3741,2457.788818,207.07,254.2393799,39244.8192,34589.59375,24599.2775,25126.17188,15801.7162,14309.75977,1.98,0.655414164,367.8749,460.9717407,82919.1119,77303.50781
2563.8486,2612.257568,243.3498,334.5516968,39923.6315,38183.9375,26150.007,28487.66406,15805.6545,15776.50391,0.29,4.050044537,332.1031,506.9040527,85018.8845,84879.05469
2730.12,2718.250732,189.19,244.9092407,41579.5944,44755.23828,27402.0045,30842.08203,16452.5027,16248.74805,1.6354,1.451657891,327.73,516.7698364,88682.777,95058.75
2571.02,2678.55542,188.59,289.6016541,44472.4729,46449.10156,27567.0401,31958.21484,15744.8904,15918.875,0.5946,0,323.2913,407.6620789,90867.8993,96451.00781
2505.97,2676.766846,201.65,201.4405365,41464.3016,44453.71875,25788.8325,30649.47266,14675.9897,15239.18359,0.4814,0.140614659,315.7348,501.9744873,84952.96,93304.72656
2385.41,2461.637695,195.9,153.7672882,40064.3378,41351.18359,25205.1918,28294.16797,14519.8289,15348.22461,0.5,0,337.8757,481.1028137,82709.0442,85855.32031
2245.79,2431.663818,159.6,144.1424866,37691.722,39285.69922,23826.1398,27512.48047,14187.6594,14376.70996,0.76,0,308.0661,521.0809326,78419.7373,81969.41406
2161.79,2399.232666,149.12,142.5491943,34517.259,34488.76172,22240.4448,25619.90234,11743.987,13928.86816,1.87,4.230569363,307.2483,567.7766113,71121.7191,75746.51563
2105.71,2434.474609,106.43,227.0495758,31961.4759,34878.99609,20919.3384,23573.92383,11657.7209,14015.52539,0.24,0,329.994,430.1242065,67080.9092,75630.375
1937.48,1994.525513,105.77,166.111084,31985.0702,33866.51172,23906.0435,25001.74023,10474.3371,11075.66016,0.28,1.979242563,329.3819,438.852417,68738.3627,70204.54688
1778.98,2092.271729,77.1952,232.0082855,26582.0286,28777.94727,19136.862,21370.73828,9846.95,11022.31738,0.72,3.486760855,310.6896,400.7089844,57733.4254,63308.52344
1939.5559,2131.783447,169.5037,251.6132813,32955.3789,25449.73633,23189.0703,19941.55273,10838.5438,10541.49023,0.5541,3.954482079,394.5009,402.3416443,69487.1076,58420.24219
1967.8069,1997.38147,168.4012,161.8984375,30689.309,33313.67969,23539.6929,25514.67578,11553.4169,12172.89648,0.9523,2.12589407,370.1268,344.1368713,68289.706,73140.85938
1871.5569,1948.131226,95.0758,117.9478149,29882.5961,32290.68359,20643.3671,24683.66602,9817.8897,11258.99414,4.6464,6.102796078,294.3266,414.0577393,62609.4586,67628.73438
1931.0411,1919.402344,95.7866,65.23440552,34480.6098,35580.36719,23088.1955,26550.38281,10764.7227,11328.73242,6.1166,2.387779951,313.6621,413.4188538,70680.1344,72972.35938
2076.91,1972.843506,129.4405,127.436264,35665.1861,34985.03516,23121.2536,26288.89844,10903.1313,11153.29199,0.3,2.322065115,291.9894,406.555603,72188.2109,70994.30469
2208.06,2538.8125,123.02,355.3276367,36955.1904,37502.76563,23640.0088,25959.42383,12420.8473,15244.86719,0.23,0,288.0081,383.9784851,75635.3646,82089.25781
2183.6122,2492.109375,139.9785,343.0505676,35649.948,35096.80469,23043.8927,23395.9043,12808.9305,14745.78516,0.23,1.169408083,305.657,354.1698914,74132.2489,75994.82813
2352.3083,2543.785645,153.8646,327.5395813,38438.0861,36524.53906,24581.6735,24813.92773,12843.2668,14404.8916,0.3,2.250427008,350.7253,412.1357727,78720.2246,79735.85938
2413.61,2622.679688,171.0547,401.877594,36940.8505,35853.69141,23061.9894,24143.10742,15440.5694,16288.29688,3.33,0,309.9734,373.9553223,78341.3774,79178.20313
2423.6717,2490.31665,173.96,290.5669861,38593.2621,32245.61719,24151.9885,21533.71289,14947.3495,15132.55273,8.56,2.417177916,301.1,387.7795715,80599.8918,73179.04688
2513.1024,2745.116455,184.49,457.4463806,42558.681,40217.00391,27600.5378,27256.78125,15495.0318,17603.54297,0.76,0,317.679,323.8369446,88670.282,89689.15625
2585.1873,2829.786377,211.25,455.0841064,46105.8552,44392.37109,29725.0081,32149.00586,16720.1071,17839.48828,0.25,3.970546484,326.4407,424.334198,95674.0984,97765.75781
2594.3436,2758.66333,215.33,339.2960205,44186.1206,43211.73438,28801.7618,29158.46484,17287.2183,16778.89844,0.3,6.090144157,325.111,465.8719177,93410.1853,94406.1875
2639.38,2511.66748,239.02,206.3586731,45106.4814,39973.36719,28892.0723,28039.13281,15651.2787,14143.38672,0.2617,6.033117294,321.8718,520.4691772,92850.3659,85191.74219
2542.21,2518.859863,254.8076,265.8330994,41822.0511,38983.50391,26739.594,28260.23242,15258.1924,14151.99805,0.29,3.054899454,315.9826,468.7660522,86933.1277,83769.9375
2445.03,2362.857178,277.42,216.9790497,35282.4558,31533.03516,23315.9146,22691.22852,15904.4676,13844.02344,0.27,3.676635742,297.9956,519.9379883,77523.5536,71283.36719
2487.3132,2370.080566,315.4682,222.1332703,32521.6436,31532.95898,22038.922,23621.56445,15849.1317,13425.68262,0.23,1.899969101,304.9394,541.8294678,73517.6481,71816.00781
2591.57,2374.607178,288.05,244.2142334,30178.5202,27932.4082,21138.9897,20713.55859,15055.396,13670.79395,0.41,3.182985783,301.7015,471.545929,69554.6374,65831.0625
2367.5039,2367.380371,287.91,314.5418091,27299.3312,21885.91016,19399.2163,17790.86133,14192.8111,13075.26074,0.34,3.321411133,304.3679,348.9450073,63851.4804,54672.45313
2501.7797,2587.189697,294.5,396.9734497,31311.5296,34776.54688,21525.3989,25010.37695,15304.1706,15152.44727,0.4596,0,316.9436,414.9214172,71254.782,77759.99219
2577.29,2446.961182,319.38,314.2502136,33057.5854,31940.88281,22079.9542,22908.35156,15071.156,13615.85938,0.2978,0.022543339,310.1393,407.2807617,73415.8027,71733.03906
2448.97,2484.657959,333.0234,344.9721375,30460.0456,24903.29883,21283.4991,17951.20313,13002.2059,13129.00977,0.59,2.104507208,309.5111,294.5845337,67837.8451,57804.63281
2565.98,2569.878662,315.24,431.7701416,31396.5052,29939.1582,21860.882,23567.98828,15325.5224,15431.89551,0.95,3.85402441,327.4329,347.4325256,71792.5125,72166.00781
2593.4739,2587.470947,375.9356,366.0433655,34549.9291,34053.00781,22463.2596,24958.38672,16071.0973,16138.30566,3.19,6.143908978,302.72,402.9942017,76359.6055,77680.72656
2680.18,2603.559082,519.4177,376.5592041,37078.634,36091.32422,24241.8289,25107.53125,16281.1794,15693.68945,6.56,4.270031452,318.7194,381.5761108,81126.5194,80047.73438
2939.9781,2647.454102,630.6541,292.3623352,40126.7575,40148.82422,25768.1223,29087.92773,17599.5575,16083.98828,0.39,6.562523365,339.1832,501.8864136,87404.6427,88523.35156
2796.4402,2670.175537,578.7128,374.1778259,37845.1074,37871.94922,24897.3993,25732.59375,16570.4501,15777.49414,0.3806,1.745348573,333.1468,453.4645996,83021.6372,82010.5625
2870.5879,2597.75293,615.7323,422.5701599,37832.2634,37289.6875,25429.2861,26798.04297,15544.9584,14846.93555,0.8966,4.093666077,353.5194,420.2735901,82647.2441,81101.29688
2713.4146,2502.339844,617.2308,363.7748718,34401.5805,32391.49414,24383.3657,25547.74609,14622.2655,13734.09961,0.37,7.973962307,326.9345,498.1230774,77065.1616,74117.79688
2807.1222,2489.958496,541.6247,383.0050354,30455.8963,30082.80273,21248.0737,21784.28125,15696.1025,14934.56445,0.43,0.112778373,336.9606,419.0387268,71086.21,70496.96094
2787.0217,2508.21582,479.3802,414.3093567,28892.6453,28418.8457,20353.41,20235.4082,15141.2942,14678.33398,0.45,1.891715884,311.0381,358.8217773,67965.2395,67475.71875
2636.5774,2540.557373,521.5442,422.5977783,27907.4086,27339.13477,20027.1082,20833.15625,13918.7106,14107.20605,0.6895,4.316262245,298.9,359.0813293,65310.9385,66075.69531
2703.12,2588.641602,554.53,372.3153076,30635.486,33569.66797,21309.3338,22745.03711,16055.3547,15165.90527,0.6966,1.174728274,296.1637,374.8656006,71554.6848,77218.375
2621.84,2653.631104,556.0228,504.4210205,28615.2574,30103.57227,20181.2691,20379.93555,15198.5478,15543.24512,0.5996,4.911716938,295.5203,325.5562744,67469.057,70216.8125
2572.28,2503.9104,492.0283,469.3426819,27701.8123,23167.7207,20696.8975,17377.95117,14731.942,13687.98828,3.1725,3.860100746,321.3751,269.9353943,66519.5077,57787.44141
2588.85,2554.916992,572.26,475.4406433,28885.5728,27920.17773,21612.3591,21346.80664,14902.2541,14368.42773,0.4934,0.881964207,317.0442,342.1536255,68878.8336,67166.8125
2580.42,2603.260986,575.29,526.2411499,27077.4816,27096.58203,19552.3754,18958.0332,15422.7594,15726.52148,0.43,0,294.0522,276.5909729,65502.8086,66984.75781
2674.7617,2480.173584,591.87,428.0569153,27069.4695,26831.25781,19491.97,17349.33008,14904.0104,14523.56934,0.5,2.636253119,269.2118,301.1978455,65001.7934,63779.32813
2572.84,2567.003662,572.28,472.5090942,27320.6404,29892.94141,19402.5886,20171.12695,14654.4662,15257.22461,0.4745,1.736934781,272.062,282.552124,64795.3517,70518.28906
2527.11,2516.895264,580.6346,492.4120178,25539.823,26380.31641,18978.8728,18487.97266,14683.8067,14638.60742,4.0348,2.370529652,268.2995,291.6784363,62582.5814,63879.47266
2455.87,2457.075195,525.31,358.860321,24953.2891,25853.61914,18838.739,20834.44727,14820.1682,13849.33301,6.36,5.325344563,288.6357,398.5812378,61888.372,63805.51563
2554.5082,2471.287354,559.9485,402.215271,25900.0278,24001.9707,20074.515,19184.28516,15051.83,13318.6875,2.12,3.449804068,298.2794,369.4538574,64441.2289,60321.99609
2623.536,2458.583008,548.17,362.1965027,29527.2755,27378.43359,21903.9752,20052.03711,14232.5925,13483.30273,2.39,0.779373944,329.3281,361.3660583,69167.2673,64975.12891
2531.91,2586.292725,578.97,436.9163818,29763.5596,32998.80859,21067.6591,23976.54102,16482.381,16398.41211,3.82,3.803842545,313.3089,330.5675964,70741.6086,77210.42188
2595.9318,2557.03418,578.6465,429.5816956,28269.6106,30166.3125,20090.8937,21251.98438,16858.8403,15438.56641,0.6532,0,284.7218,349.1249695,68679.2979,71571.10156
2616.9403,2596.429932,588.5969,479.1986694,27053.7985,30934.07813,19549.7373,21548.82031,16164.9205,15326.89258,0.4893,1.776772857,302.4919,361.9360352,66276.9747,72220.3125
2512.8997,2447.755371,625.4585,344.5040283,26989.2935,26611.80469,19672.0654,18620.24219,15460.0911,14238.01855,0.3,3.334571838,305.6015,369.1036682,65565.7097,64839.51172
2483.5581,2575.438477,546.942,461.2432556,26372.5032,30747.42578,19380.2885,21377.05273,15688.9666,15058.38086,0.45,0,276.3301,339.0908203,64749.0385,71620.48438
2444.1008,2382.645508,609.1075,343.4794312,28549.9055,22889.80859,20835.5909,16154.46973,15652.7028,12937.73242,0.26,0.205847681,328.1362,341.6576843,68419.8037,57380.78906
2580.2163,2433.516113,613.6954,333.2440186,30330.1214,28097.26367,21958.0905,21348.36523,14371.56,13276.86035,4.7261,2.131994963,323.0957,409.6419373,70181.5054,66149.53906
2571.6107,2441.953125,643.3088,369.9105225,27721.9756,26957.31836,20447.4558,18939.2793,15671.762,14512.78809,0.6549,0.836022615,307.7241,315.7391968,67364.4919,63114.57422
2631.8813,2489.051758,586.8187,434.6139526,25962.7299,26371.62109,19811.838,20420.14063,14575.2572,14721.36133,0.3609,1.321527958,287.8629,362.8104248,63856.7489,64894.80078
2714.502,2601.090332,679.7823,463.0386658,28300.3262,30404.11914,21015.9478,21379.12109,15816.2498,15799.9834,0.5631,1.62959516,330.2283,305.9692078,68857.5995,71396.40625
2694.4744,2472.140381,627.0429,353.8761597,29088.6235,30638.90625,21201.5781,19946.70313,15814.9889,14799.25781,0.4631,0,300.5636,313.5443115,69727.7345,71241.35156
2726.0654,2578.519287,690.5915,445.8337708,28990.8716,32497.46094,21178.8141,23038.08008,15653.613,15367.44141,0.4751,1.390763998,306.3844,369.359314,69546.8151,74629.84375
2784.2152,2499.48999,620.149,432.4665833,28022.9946,28238.0957,21263.7421,21353,14632.5682,14054.36035,0.5589,1.813173771,301.1077,389.0653381,67625.3357,67291.82813
2700.3647,2473.629395,521.2029,365.2265015,25988.9783,27654.37109,20846.2194,22150.52539,13064.9144,12888.82324,0.4866,4.430859566,275.7859,415.430603,63397.9522,66520.17969
2468.696,2349.023926,535.5828,354.2547913,23186.4421,22722.42773,18950.7372,17169.68555,14998.3117,13277.99414,0.429,5.280000687,284.8469,408.9587708,60425.0457,57506.44141
2394.2501,2301.516357,466.6269,308.3339844,21003.5797,18448.91797,18242.2357,19142.95703,13067.6746,12819.4541,12.9381,11.49476242,289.7474,404.2463989,55477.0525,50847.26563
2515.2479,2329.173096,424.0043,297.4246216,20341.2105,21700.60547,17732.3935,18851.95313,13458.7509,12965.69531,2.1371,3.22385931,380.131,410.6117859,54853.8752,56905.70313
2580.1956,2479.077881,572.4869,363.0632324,22967.4922,29474.7168,18910.7149,22248.8457,14308.3045,14505.78223,1.779,3.156921387,356.765,392.5368347,59697.7381,69642.4375
2423.3749,2516.503418,506.5321,440.9326782,23637.7969,26369.65039,18802.4527,19560.04688,14364.9673,14798.81738,2.2437,0,305.7667,328.2568665,60043.1343,66344.79688
2412.8106,2513.279297,438.501,395.8212585,22879.0604,29118.97656,18850.29,21833.24805,13892.7616,14007.87598,3.441,4.430231571,337.9449,384.9090576,58814.8095,68860.94531
2410.9135,2361.888672,488.9613,324.119812,21716.0426,24662.11328,18624.0005,20095.75586,12814.9017,12051.21289,9.2553,3.553226948,334.434,387.2982178,56398.5089,61152.41016
2287.4386,2226.106201,428.5132,322.5014343,21204.7134,18349.0918,19519.9219,17003.09375,11395.9249,11530.67285,3.654,7.088696957,346.4857,416.6475525,55186.6517,50396.65625
2415.0717,2216.830811,491.9414,262.2571716,22827.4711,18465.25391,19703.3159,19846.07617,13171.772,11911.66016,4.8529,10.84842396,329.7031,420.1273804,58944.1281,50022.42188
2350.3073,2257.358643,348.9026,193.8925934,18699.7609,16523.98438,17444.4255,17340.66016,12270.3546,12282.9707,2.9434,4.799852848,292.4611,346.0027466,51409.1554,47861.24609
2329.4663,2309.959473,338.2429,254.6720734,18618.2577,18785.74414,17685.0931,20311.64453,13009.7527,12453.20313,3.4794,5.096884251,304.7196,378.9867859,52289.0117,52444.125
2329.5025,2335.033447,357.6232,311.9610291,19320.6334,20908.92188,17782.5582,17853.66211,13451.3961,12957.39551,2.5173,1.143583298,304.683,323.8886414,53548.9137,55241.96875
2411.0871,2268.332031,402.2917,233.4993134,19937.8315,17776.50195,18783.6245,17213.24609,12581.6358,11885.17773,1.9129,1.756008744,323.6987,327.7215881,54442.0822,48649.99219
2444.926,2442.748779,356.2856,346.9176636,22428.5062,22713.32617,19870.7879,17145.33398,13375.5323,13180.96387,3.0364,3.577952147,335.6059,323.7118835,58814.6803,56710.72266
2401.9564,2509.432617,406.4279,421.6568604,21949.7719,22141.21289,19021.6013,16530.81445,14351.5167,14915.9873,2.2935,3.738609552,339.8282,212.2854614,58473.3959,55534.60156
2444.8357,2530.267334,440.3015,441.3406982,22211.179,25613.04883,18834.3502,19037.45508,15451.779,14852.32813,2.4355,2.004635096,316.5778,275.7841797,59701.4587,62671.28906
2444.2149,2488.331299,415.3892,465.8565979,20411.7567,20269.92773,18154.6267,18643.41211,14109.0904,14000.71289,2.8296,4.88787365,289.0132,355.0697937,55826.9207,56892.33203
2420.9327,2457.109131,358.2801,444.9172363,19490.3616,20030.61914,17754.8041,15561.55273,13416.2264,13747.24316,3.2643,2.858384848,297.8274,279.2619019,53741.6966,54107.31641
2391.6831,2288.039063,318.8249,228.554657,18565.5235,15218.76074,17461.1288,15930.46484,12434.7932,12096.06348,20.7408,6.055722713,304.0126,286.9358826,51496.7069,44486.47266
2381.5887,2251.334229,256.955,177.9985352,17615.6647,14980.83594,18262.5085,12816.69141,12118.59,11706.75781,2.92,2.706905127,284.0862,253.3413849,50922.3131,44195.05859
2297.3755,2292.036865,245.3566,190.3678741,17524.9897,16777.07813,18009.9748,16917.6875,11748.87,12304.08984,8.1036,2.233977318,292.6181,290.8876648,50127.2883,49167.27734
2348.4637,2269.250732,243.0226,160.3342133,16980.5499,15267.31445,17554.0278,13441.4541,11839.6997,11940.5166,2.1794,2.611977577,309.4163,246.2379913,49277.3594,43945.83594
2328.1552,2304.112793,198.1247,181.9916534,16427.1149,13492.70605,16737.3837,10959.0957,12262.1149,11980.36816,2.5371,4.12378788,281.7608,171.5302277,48237.1913,38216.01953
2251.08,2370.635742,210.14,227.7473755,15990.2887,15090.00098,16552.5464,15062.37695,12419.67,12554.91504,2.5712,4.566438198,288.1993,247.0849152,47714.4956,44919.64844
2280.88,2249.897461,214.15,167.587265,15972.1785,17102.01367,16699.5531,17046.15625,11951.66,12166.72656,2.2582,4.280521393,285.3776,331.2358704,47406.0574,48200.71875
2246.35,2277.397949,210.3184,203.5734711,15815.21,15164.35645,16453.5442,11847.90723,12603.9557,11575.91016,1.5771,4.105700016,276.631,276.5276489,47607.5864,40232.47266
2269.1,2349.008301,205.4,268.7070007,16365.1196,18098.07617,17253.4014,14512.15234,11925.3091,11810.85254,1.2475,4.640388966,268.2733,304.2957153,48287.8509,46903.65234
2276.4,2311.041016,225.8066,269.3135986,17004.8673,16872.89063,17719.2698,15831.70605,11442.9364,11821.48145,1.04,3.726219654,286.6735,318.502533,48956.9936,48852.99609
2228.35,2197.072266,211.7097,218.8502197,15612.4617,14171.02539,16620.5238,14148.08496,11073.63,11191.70508,1.8,4.595035553,272.6254,307.8223877,46021.1006,40525.14063
2178.74,2213.431885,210.9,191.1468506,15679.4092,15040.52832,16880.1245,15238.6875,12325.48,11969.36914,2.0535,3.234751701,280.1639,344.1083069,47556.8711,44066.25781
2191.26,2263.821045,206.53,256.8666687,15876.8538,16178.28613,16671.0248,15382.58008,12186.83,12398.02539,3.9944,1.388688326,303.5156,322.2467041,47440.0086,46711.56641
2361.54,2369.49292,211.04,342.1541443,16256.1055,16559.84961,16452.1961,16015.26367,11414.0069,12882.63672,2.8354,2.974041939,262.5054,316.7856445,46960.2293,49833.35938
2244.77,2359.363281,187.1224,280.8445129,15671.0152,15605.31738,16668.05,12654.3623,11453.09,12343.84668,2.0794,1.869585156,266.2386,224.8889771,46492.3656,42867.12891
2184.67,2295.675293,170.83,221.5405579,15935.5009,16310.00684,17151.22,16878.50391,11001.66,11442.93164,2.99,8.403264046,277.9221,286.8482971,46724.793,48630.61719
2201.3116,2303.264404,177.5562,194.2681885,15930.9693,16754.8457,17195.7884,17998.5957,11720.2128,11431.03906,2.2488,7.414205074,273.6206,279.2424927,47501.7077,50431.72266
2134.9234,2228.059082,177.7303,198.2810974,16323.7586,15967.5625,17807.0119,16675.04688,11362.3524,11574.86328,3.6417,3.775104284,292.708,323.8554993,48102.1263,47137.82813
2244.8807,2164.052002,150.6584,192.3291321,15957.1237,15769.88184,16739.883,17049.80078,11224.9886,11951.75586,2.3911,4.147621155,250.6968,376.3686523,46570.6223,46787.83594
2297.947,2098.951172,153.9662,154.3246155,15917.2851,13674.4834,16922.5706,13681.77246,11605.7901,11247.05664,2.1283,1.399864912,258.5594,334.486084,47158.2467,40681.66016
2292.9507,2156.700684,149.906,171.0903168,16017.2793,16534.5918,17006.8173,16041.33203,11212.91,11574.27539,1.83,3.615415573,259.145,380.0620728,46940.8383,47328.34766
2284.2082,2153.060791,144.5519,151.4411316,15838.855,17627.65039,17074.6794,16994.60547,12048.79,10988.31641,1.45,2.442019224,259.7241,411.271698,47652.2586,46026.33203
2332.4937,2188.518555,148.2391,178.4621277,16057.5534,17261.04688,17401.7724,21794.58008,11702.13,11530.92773,2.2179,3.899454594,278.8269,450.2189636,47923.2334,53623.48438
2347.7969,2335.867188,162.2595,225.3768921,16334.668,17437.44531,17814.9184,22162.95898,11782.523,11558.55762,2.5244,10.56161308,264.3519,450.1227417,48709.0421,55168.11328
2320.0637,2316.700684,156.8,238.855896,15676.3225,15565.43457,16880.283,12948.49316,12239.75,12118.87305,1.11,3.593082428,269.8125,262.2765808,47544.1417,41974.52734
2336.132,2240.312744,146.0425,167.3599091,15570.7029,14439.92188,16665.5198,10955.12402,11690.394,11602.16797,0.53,0.116680145,257.1066,249.7728882,46666.4278,40199.69922
2304.7077,2243.128662,138.9159,167.6177368,15628.2164,15899.91992,16929.4426,17713.81641,12186.8142,12175.88574,0.52,4.072363377,255.6784,308.5247498,47444.2952,49055.83594
2355.8441,2272.999268,145.3871,166.2769012,16042.1088,21850.74805,17498.2875,30159.47656,12840.4522,13540.77246,0.22,6.370889187,244.0492,352.0504761,49126.3489,68778.27344
2275.1544,2258.889404,148.497,187.0517578,15744.6098,17069.0332,17143.3065,18500.63086,12156.6736,12397.75684,0.277,2.691293001,251.5974,337.6166992,47720.1157,51497.62109
2359.8086,2262.758301,144.0837,165.5334778,16139.2997,15884.28516,17882.4377,14143.70801,12307.28,12107.57324,7.1,0.853243291,250.8536,233.0558014,49090.8633,46408.45313
2301.9117,2288.30957,145.1131,155.2639008,16605.7795,17658.41992,18474.7881,22088.87695,11445.0621,12243.35254,10.7632,3.519563913,277.3326,365.7948303,49260.7503,55352.10547
2169.0854,2220.726318,132.5219,220.1700897,15252.2977,15118.26172,16659.6187,18103.18359,11648.7915,11586.66797,3.3933,9.042873383,272.6834,338.2330322,46138.3919,45106.49219
2241.0251,2281.324219,136.9932,233.2539063,15087.157,14348.73438,16689.5899,15646.91992,11168.78,12248.38574,2.24,5.690833569,255.2074,278.4702454,45580.9926,43160.8125
2275.3908,2228.111816,144.1432,186.4197235,15522.7193,13290.46582,16801.7288,13569.88867,11755.54,11808.12207,2.6,1.758880019,250.9118,263.6298523,46753.0339,40247.47266
2253.9255,2183.473633,132.2461,156.0645752,15543.1868,13880.66504,16787.1338,14648.36621,11503.32,11634.6377,2.88,2.012151957,234.7269,303.6049805,46457.4191,43300.4375
2333.8402,2192.5354,132.7062,164.9763794,15378.6479,15939.00684,16773.1386,17999.68164,11812.6289,11966.19531,2.26,5.023696899,240.6623,359.8986816,46673.8841,47668.14453
2364.0326,2233.388672,120.649,169.4228363,15860.9505,19704.67578,17642.4407,24510.16797,12097.63,12640.63281,2.9,5.239789486,248.3486,379.6289673,48336.9514,59500.50391
2410.0439,2267.826416,148.3616,162.8178406,16181.184,17829.36328,18383.8644,19348.61133,11327.5671,12195.01758,3.12,4.103298187,256.8683,332.3010559,48711.0093,52767.84766
2296.0692,2179.85376,148.1785,169.0704498,15720.2162,17110.48047,17171.8,18923.50586,11960.0754,12470.79102,2.01,1.339993954,253.878,272.0343323,47552.2273,53010.22266
2312.1376,2172.667236,136.9971,164.6750488,15932.8463,15662.56836,17805.4436,16010.93457,12377.61,12349.08691,6.08,0.935061932,266.5782,311.4908752,48837.6928,48217.01172
2364.9988,2187.565918,147.7589,173.7514191,15202.5918,13894.00293,17024.2048,12932.82031,11945.64,12019.26758,6.78,0.032684494,263.753,275.5843201,46955.7273,43249.85938
2358.9451,2284.607422,145.6234,184.0648346,15247.7336,13379.72852,17046.3397,14309.18848,12056.2415,12308.04883,1.7071,2.633102417,244.1099,260.6634827,47100.7003,43525.15234
2337.2536,2220.161377,129.1045,157.6001434,15020.0413,13657.32227,16892.3001,16343.33105,12271.19,11995.0166,3.4802,0.969881415,266.7955,299.2769165,46920.1652,45099.92578
2423.787,2235.032471,137.3866,148.9010925,15386.5573,14025.88574,17190.9268,13751.37402,12505.4337,11870.29395,2.3226,2.526894569,272.1263,264.3936157,47918.5403,43944.625
2210.8038,2255.770264,100.5136,151.5007324,14419.9181,16923.66797,16504.9061,19430.67383,12419.99,12028.06934,4.1339,3.337912798,228.9209,314.4151306,45889.1864,53252.73047
2123.867,2201.556885,132.3283,188.0715332,13216.5089,17340.70703,16015.1398,21285.42578,10386.0089,11714.98242,15.0193,3.400961399,275.6498,284.845459,42164.522,52094.85547
2614.449,2282.755859,163.0572,207.6789551,20362.2264,21918.20898,23319.0886,29176.50781,13064.4745,13956.95605,4.6317,3.819308758,310.0832,350.0220032,59838.0106,68218.90625
2287.3042,2351.516602,172.0013,165.323349,17612.6627,27676.33008,20247.3238,42469.57422,13212.3593,15665.89844,3.7111,4.692337513,277.5524,280.5864563,53812.9148,88614.23438
2324.7392,2352.49585,189.7536,180.8481598,18747.4593,28783.83203,22041.5372,46979.94531,13696.2165,15904.94141,2.1953,5.147172451,254.046,349.2917175,57255.9471,93303.98438
2331.0988,2324.131348,164.1498,123.5751419,17002.5482,18084.60156,19936.6932,22044.47461,13476.0409,13501.00977,0.29,3.092234373,263.6153,242.4434662,53174.4362,57789.03906
2369.3216,2293.711182,161.4615,141.8229218,17406.4765,17651.00195,19726.6252,19812.53711,12493.4307,12406.95117,0.22,3.071368933,269.9369,213.6114502,52427.4724,53348.25
2297.1296,2252.958252,127.7479,141.2515411,17000.8032,16367.44336,19242.2863,18429.62695,11470.0659,11960.91016,13.29,3.462448359,254.7897,291.3313293,50406.1126,50039.36328
2181.4911,2203.503906,137.2002,184.5208588,15546.0082,15711.33691,17661.5655,15946.03613,11626.96,11930.83789,2.0665,2.44491291,260.4578,324.3111877,47415.7493,47532.41406
2278.8783,2215.962158,132.5043,170.3039398,15593.746,19371.42773,17699.9162,23916.29883,12570.8778,13587.93066,14.5213,2.847057581,268.5217,338.724762,48558.9656,61058.80469
2317.3478,2228.22876,130.1899,186.1465607,15636.3353,18982.68555,17891.4636,23858.96289,12446.96,12616.45605,13.2564,6.591461658,242.7192,364.8189392,48678.2722,56954.04688
2265.0284,2221.702637,156.8477,152.668869,16129.315,18641.32031,18348.38,25104.93164,13212.5247,12772.22461,0.2163,4.314982414,255.8884,384.2402649,50368.2005,59320.70313
2294.3063,2274.084229,163.8862,179.5137024,17725.7984,23702.01172,20318.2139,35410.00391,14364.3415,14226.89063,0.25,6.052399158,266.7342,393.1058044,55133.5305,75559.59375
2260.6264,2303.208984,159.6432,192.1590118,18604.4483,21950.02734,21778.178,27208.375,13107.5954,13742.40137,0.25,3.405997276,296.8515,377.6535339,56207.5928,67174.60156
2392.688,2265.99292,168.1553,157.8954468,17926.6964,17071.13477,20479.1647,17647.8457,12718.8608,12890.20801,3.351,0,269.1478,268.822937,53958.064,52311.34766
2230.5508,2151.319092,131.8714,173.305191,15703.8375,14582.70605,18174.7536,14951.64355,11969.16,11643.57324,6.6108,1.307484984,261.609,325.348053,48478.3931,43407.26563
2180.7796,2112.388428,134.1239,169.7892151,15544.2641,14991.78711,17812.9447,16076.42773,12056.54,11484.43652,4.46,2.144706011,280.0875,367.4176941,48013.1998,44339.96484
2199.6579,2157.027344,135.2583,151.938385,15262.3345,14614.62695,17564.6126,16858.67773,12001.41,12068.24219,1.561,0,263.9308,328.8458252,47428.7651,46133.57422
2267.6188,2227.66333,116.8216,160.5367889,15403.6279,14667.88281,17414.1718,16065.18848,12869.19,12304.20898,0.5,2.297549725,262.4188,295.1669312,48334.3489,45598.97656
2254.1507,2256.785889,129.2114,162.9703064,15266.8756,15249.49023,17544.0668,15684.92773,12897.69,12403.05078,0.36,3.117236376,252.3875,274.5081787,48344.742,47182.32813
2188.2119,2252.167969,123.4715,158.2113647,16358.4078,17549.04102,18648.1294,20008.45117,12911.45,12432.43066,0.57,2.250770569,258.5347,279.4615784,50488.7753,53902.86328
2189.9219,2291.551514,149.6457,152.7335815,16878.3423,20195.63867,19883.5654,24040.61328,12743.268,12952.37988,0.19,2.959512234,274.565,329.4401245,52119.4983,61287.32422
2180.0792,2194.470215,146.3146,164.4162292,16488.7416,16411.78125,19027.9298,18268.375,12859.7306,12500.40039,0.2,0.497722208,276.7083,303.9987793,50979.7041,51561.9375
2233.3246,2270.510986,167.6012,158.6824646,17243.216,21086.94727,20129.4529,27874.62891,14010.8565,14724.44238,3.5751,0.897235215,301.777,283.2155457,54089.8033,70147.83594
2271.005,2210.95459,206.6284,176.5460968,17323.6391,19846.12695,20503.6623,26397.18359,13570.0039,13638.04883,1.8025,2.308125973,325.8742,352.0045166,54202.6154,63520.16797
2232.9619,2163.653564,148.7448,158.9701385,16691.9297,16042.2666,19774.4285,17276.13086,12698.1919,12524.48633,2.18,0.056554753,304.6617,304.2908936,51853.0985,50187.49219
2242.0585,2214.334717,219.7719,177.1066437,17480.0049,19059.83008,20620.3276,24009.06445,13024.267,13416.54785,1.57,1.925739646,311.4431,343.8940125,53899.443,59876.13672
2209.6617,2246.801758,159.259,199.849472,18344.6933,19315.86328,21913.6413,22464.02539,12238.0989,13325.86426,1.95,1.579104304,302.6058,325.2938232,55169.91,58721.30078
2189.8584,2265.86084,150.6386,191.16745,18830.9005,19712.57813,22419.0875,22806.69141,11604.3225,12814.68066,1.15,3.176667452,301.8548,358.4925842,55497.8123,58120.6875
2213.9062,2259.199463,131.6099,189.6920166,17674.2471,22891.5,21036.4089,33970.53125,12398.043,13555.30859,1.45,5.613685131,292.198,408.5684814,53747.8631,71888.08594
2224.2079,2305.874756,125.7029,191.9767151,17553.5756,25841.39063,21022.1868,40310.54297,12984.3775,14864.22754,0.98,7.402195454,273.3439,464.8241577,54184.3746,81939.95313
2200.9458,2189.050293,124.9004,168.4668427,16833.4285,18534.08984,19995.3121,23371.57813,12433.9533,13003.83984,0.64,3.110663414,275.1141,390.3049316,51864.2942,58315.34375
2206.8064,2200.973877,149.4247,171.2077026,17399.6115,20370.80664,20756.1742,26630.74023,13140.1948,13815.81738,1.504,2.465294123,289.855,390.8505859,53943.5706,64336.36328
2198.8068,2287.914307,163.3176,151.026825,20390.3074,24200.04883,24958.9423,32335.09375,15061.0118,15387.31348,1.2687,0,299.4935,305.6640015,63073.1481,77910.64844
2336.8803,2376.909668,184.0048,197.9863434,24090.211,28834.79688,31556.0376,44785.69531,14861.6427,15955.25488,1.9144,3.966308594,364.4782,411.0107727,73395.169,91413.15625
2432.4155,2377.035889,234.8981,179.5004425,26898.2558,32235.51172,36960.1539,48180.16406,15076.3494,16354.2373,2.5312,1.113599658,349.9484,368.665741,81954.5523,101338.4453
2337.5208,2332.874756,235.6783,184.5098267,27706.5498,29859.90039,39302.0085,44729.82031,16369.6198,16438.85352,2.6003,1.37384975,365.0619,364.6899719,86319.0394,96901.92969
2393.9388,2342.195801,220.9553,212.2435608,28945.3223,32015.82031,41673.976,50516.35156,16457.9189,16971.48438,4.33,4.259319782,341.7111,402.509552,90038.1524,102914.7891
2324.441,2307.23584,214.477,178.5283661,30459.9423,33571.64063,44850.33,52919.00391,16322.2792,16867.09961,6.71,1.45003438,336.7159,407.1149292,94514.8954,106383.5313
2362.0496,2341.899414,295.3656,191.2290344,31405.2846,31020.66602,47911.5246,48294.17578,16704.1949,16969.91602,2.7841,2.946539402,336.8599,401.6047668,99018.0633,100901.6797
2398.4305,2408.181152,256.1821,219.4441376,34876.5656,37837.83594,55601.4257,64340.37109,18110.0813,18120.89453,0.7807,5.620053291,376.2924,430.9324646,111619.7583,124130.1172
2465.1909,2449.741943,242.6252,226.9026947,38384.2734,37289.59375,61957.2787,62829.42578,17600.4108,17833.77344,3.1298,3.597374678,391.3226,415.0659485,121044.2314,122243.9766
2517.4438,2453.907715,250.2549,220.5119629,38642.978,39102.50781,62110.6133,67073.52344,16211.2211,17719.08789,1.1235,3.204768181,395.1811,396.8522339,120128.8157,126779.3516
2331.3748,2341.722656,190.9118,195.7145844,34275.5395,32310.43555,54811.8733,52371.60938,17227.8586,16543.67188,0.4179,1.374020219,363.1934,314.2866211,109201.1693,106441.6875
2239.4526,2289.242432,188.1342,189.9320374,34297.9717,29145.99219,54748.4228,43761.03125,17226.9217,16670.37305,1.3,1.121714592,399.2598,368.9790344,109101.4628,95674.04688
2462.3901,2365.095215,203.48,201.1378937,38428.2243,35746.96094,64794.5508,58734.92969,18377.665,17978.63477,0.57,1.801174402,441.7776,412.4969177,124708.6578,117358.4766
2343.2532,2365.290039,233.6035,202.9829102,38239.2664,37163.56641,66236.8385,62569.00781,15970.7506,17861.10352,3.24,2.992569923,371.1606,384.2666321,123398.1128,122350.9063
2608.4388,2419.338623,267.2894,228.9584656,41779.4771,44118.28906,69617.7163,78644.60156,19945.5536,18935.62695,1.1417,3.24394393,419.4951,392.2029114,134639.112,146186.5938
2519.1911,2413.418945,178.8476,238.7530518,42201.9417,41316.00391,70446.0356,72663.34375,17311.924,17990.42773,0.82,4.07661581,390.0191,424.9152832,133048.7791,134474.2031
2553.6856,2432.362061,260.7516,240.6131592,42688.3267,41278.23828,72122.064,70916.51563,16917.7197,17802.52344,1.23,3.322350025,422.5968,435.7294617,134966.3744,133664.3438
2329.5045,2252.248047,201.5294,237.0165253,38922.8534,35162.68359,67002.7822,57552.16797,18498.25,16554.14648,0.58,0.14649573,359.103,363.1451111,127314.6025,114246.4766
2362.226,2329.733154,213.643,227.8301239,39233.0977,38627.99609,69291.2422,66324.39063,18022.5115,18230.12109,3.37,1.845645785,378.2038,434.8047791,129504.2942,127527.1641
2351.5403,2385.691162,213.977,226.5342407,40925.5934,40420.42969,73171.452,70498.10938,18441.4621,18392.49805,14.4,2.679115772,339.2013,388.2354431,135457.6261,132997.25
2423.7289,2394.250732,226.9463,222.7600708,44182.8558,42892.50781,79154.5068,75476.8125,18757.2609,18853.14258,4.87,2.037887812,380.4584,365.1478577,145130.6271,142472.8281
2267.5014,2400.674561,240.259,227.0588074,44573.1884,44209.50391,82742.5307,77282.10938,18726.4268,18643.26953,3.15,2.233769894,360.7005,374.3946838,148913.7568,145949.8906
2391.5333,2481.280273,231.2761,243.5255585,47983.4147,44976.16016,87369.5484,80906.16406,17108.0906,19140.12695,0.77,2.64850688,376.3037,445.5290222,155460.9368,150374.6406
2423.4081,2474.660156,243.9972,235.1372833,49296.8832,46666.34375,89963.2753,82635.01563,18094.4496,19151.47656,2,0.653153121,460.311,369.8579102,160484.3244,155929.1563
2261.0602,2398.005859,224.171,232.4897614,45577.3639,45613.69531,84719.4259,81961.97656,19805.3655,18611.99414,0.8363,3.019860029,400.9037,373.4176636,152989.1265,150337.8906
2357.4295,2397.5271,240.7769,210.4155273,47448.3553,46907.38281,88468.9923,83415.07813,19512.1806,19872.02148,0.6,1.740974903,407.8891,394.2145386,158436.2237,153553.7031
2450.7066,2398.11499,276.4004,219.6005096,46885.8144,44838.02344,87866.4409,79765.59375,19533.1909,19740.6875,1.0769,1.303118706,408.0956,382.9156799,157421.7257,148255.4375
2408.6661,2376.524414,207.6605,209.2984161,44024.956,41535.61719,81774.2178,71942.60156,19165.2883,18758.46875,0.6,1.535745025,397.4053,359.8520813,147978.794,136647.7813
2362.1881,2325.050537,191.1363,188.7083893,43136.4717,36231.42188,78943.8212,57691.6875,19265.3895,17846.4375,0.43,0,373.4486,341.9246826,144272.8854,117376.3125
2445.4327,2430.241943,203.6673,235.7702637,43633.6425,39539.57031,79205.2147,67543.54688,17715.1337,18290.92969,0.2241,2.459558725,426.6703,403.5371704,143629.9853,129132.5
2496.4116,2470.736572,150.328,195.1033936,42797.486,38529.47266,75230.6131,64051.08203,16997.4088,18171.37891,2.3459,3.504737616,430.6122,426.5711365,138105.2056,124984.3281
2200.8813,2310.265137,213.519,210.7312622,38213.7864,38895.875,70259.0855,68681.98438,18589.6,18107.81055,0.9435,4.05711937,362.54,366.1263428,129840.3557,130491.0469
2186.4543,2305.638184,142.5757,222.9630432,37248.7678,39248.09766,66185.7031,71024.95313,18497.1562,18819.41602,2.78,5.777619362,367.9063,410.9135437,124631.3434,131912.7031
2152.7777,2274.228516,172.3544,199.3894501,37483.198,38443.94922,66148.0384,68778.10938,18303.9384,18552.17969,14.38,3.302987099,343.0426,336.4668579,124617.7295,130685.1016
2266.8812,2394.977783,162.1569,198.5549927,39787.728,42834.25781,71188.8875,76086.30469,19452.0543,19322.53906,8.9487,1.761484504,359.5432,311.396759,133226.1998,143673.5156
2414.1015,2448.222412,170.8042,194.9698792,40288.5634,43466.61719,73643.3946,75208.28125,18885.6067,19766.3125,3.8446,0.328663409,392.185,340.1160278,135798.5,143276.3281
2484.1373,2417.691162,134.2124,204.4331055,39148.8265,34685.18359,69415.1381,58599.94922,17085.8967,17715.53711,0.25,1.249195576,440.8743,373.0527649,128709.3353,112549.1016
2496.8904,2490.273926,199.6183,209.7898407,42203.7812,41445.9375,74379.8211,73629.25781,17616.3302,18227.0293,0.29,2.151820183,437.6738,355.5667725,137334.405,136882.5938
2581.0767,2453.151367,141.1905,163.0369873,41009.6848,38380.19531,74254.327,66900.46094,19807.2471,18258.02344,0.25,5.101309776,422.5377,392.9872742,138216.3138,123301.4375
2374.3722,2332.015381,163.8666,191.4821167,34907.1341,30411.22852,60075.2521,49639.49219,18341.7268,16917.40625,2.86,2.252389193,402.9698,363.3388367,116268.1816,98407.07031
2208.5739,2273.613525,164.7367,162.6728058,29669.7464,23441.61523,49097.4191,34657.33594,16796.8894,15481.50098,0.44,1.460877419,392.7625,305.5774841,98330.568,77423.5625
2365.4096,2355.690186,166.7761,180.9403534,31687.9578,31555.83789,53763.9543,52019.80078,17822.7515,17191.23438,0.26,2.29104352,382.7189,335.4904175,106189.8282,104708.8516
2357.2857,2417.178223,180.9735,195.5629578,33682.7087,37636.58203,59284.3778,64270.77344,18277.2639,17965.51953,0.46,3.259172916,404.1562,383.8371277,114187.2258,123884.0156
2519.9366,2313.276123,176.7704,209.0721893,33731.73,31380.00781,55995.3561,48989.51953,17284.9263,16421.52148,6.38,0.96872741,427.7191,414.4502563,110142.8185,100331.4063
2437.7328,2392.101807,182.0324,173.6536713,35750.4886,32679.5332,59876.4526,49252.76172,17330.8692,16705.85547,2.7349,0,490.62,372.8122253,116070.9305,102116.9063
2287.328,2293.120361,149.8314,193.4000397,32223.0246,27531.29492,54143.968,41559.01953,17626.4194,15905.83691,2.7864,2.062734127,411.0745,354.1212158,106844.4323,90353.67188
2385.2616,2285.259277,158.0036,177.1331482,32439.7374,25429.41016,54476.7399,39334.81641,17912.125,15651.69629,5.7527,2.195372343,383.1492,372.0100098,107760.7694,84598.22656
2310.4085,2347.783203,113.0457,211.6526337,31877.6928,31384.03516,52157.8944,50556.33594,17584.5286,16651.39453,6.396,5.694206715,430.6716,435.8081055,104480.6376,100210.2969
2263.4503,2277.432617,146.8702,162.1856537,30799.6546,27160.79102,50510.8205,39433.62891,17662.5259,16069.66895,7.8558,0.352318704,408.7203,386.0280762,101799.8976,87983.69531
2392.0346,2259.30127,118.7832,173.1380005,30052.4335,26513.83789,48962.1153,38547.07422,17374.1837,15830.71777,3.8765,1.057670116,390.3746,399.4750671,99293.8014,85501.67188
2483.1436,2374.558838,198.63,188.8646698,38191.9211,35768.35938,64922.6006,56776.0625,18130.3812,16962.34961,2.56,1.128712535,472.3988,371.0196533,124401.6353,112451.6016
2378.8654,2326.014893,206.1074,189.7783813,30181.867,26452.35938,47913.15,37599.80078,15370.8094,15032.48926,0.6509,1.351434946,443.5146,380.197052,96494.9647,81791.55469
2217.0782,2291.655029,205.9911,186.6267242,29983.3391,28473.19727,48273.4273,42233.99219,16382.6343,16041.12305,0.38,0.675249219,409.9212,383.6915283,97472.7712,92697.10156
2329.0142,2271.142822,232.5596,204.1537933,32785.1185,33185.85156,54876.1296,52415.94531,18573.2092,17693.27734,0.27,0.337307125,433.2684,389.9375,109229.5695,109042.8516
2336.4602,2234.364502,273.5254,209.2519684,34503.4988,33304.42188,56968.4388,54419.01953,18136.9928,17419.19336,0.25,0.548442781,434.3083,403.9011536,112653.4743,109726.8047
2510.3551,2358.593994,276.6053,216.5087433,38386.1708,37868.08984,65312.4455,62825.11719,19081.4438,18388.73438,3.44,1.585123777,475.6685,424.0984192,126046.129,122903.8984
2465.8746,2339.942627,233.796,209.6582031,36470.1706,34009.63672,61126.8268,55320.39453,18180.3284,17470.2832,7.32,1.100705743,476.5998,421.6776428,118960.9162,110116.8438
2361.8092,2242.934814,190.2219,157.9928894,28661.2107,27134.75586,44297.2657,41246.07813,15762.8314,15146.10449,0.42,1.309904099,436.8835,435.4015503,91710.6424,86317.0625
2401.8794,2308.530029,215.7345,202.6710968,32379.4868,30861.42383,50747.7956,48497.46484,16262.7164,15720.63379,0.23,3.258174658,431.8746,473.4758606,102439.7173,96744.42969
2405.5341,2315.656494,282.6766,225.1955566,35761.0784,35376.28906,58941.1386,55626.57031,17622.472,17037.10938,0.23,1.95480895,502.1352,417.2970581,115515.2649,113403.2734
2382.4994,2254.78125,259.1198,181.5788574,32531.0773,28723.52539,50674.0243,43411.55469,17437.2968,16127.44043,0.21,4.050966263,509.973,482.9708557,103794.2006,92722.44531
2154.899,2178.856934,198.2661,183.230835,22199.1766,22060.31641,30148.0067,34050.14844,14276.8232,13823.14063,0.26,7.669769764,403.0329,424.9264832,69380.4645,69680.71094
2119.6312,2142.891846,183.2517,152.5421906,19541.0031,19167.49414,25597.9484,26191.97852,13912.647,13175.09473,1.7319,3.109388351,364.6495,380.2206421,61720.8628,60614.69531
2055.7302,2169.117432,171.2616,135.4362488,18843.7075,19285.66211,24234.2157,25016.50586,15045.6836,13331.30176,2.4059,1.194669604,418.0627,322.4891663,60771.0672,60253.72266
2218.7002,2244.5896,153.899,164.687088,19650.4323,23178.39844,25714.2635,31721.2207,14272.0623,13927.33887,0.23,1.677810073,355.0242,369.1438599,62364.6115,72621.00781
2219.3642,2292.41626,171.7863,183.2101746,20346.4878,25045.35156,26160.6966,37127.00781,12579.1274,14125.49023,0.33,5.016503811,384.635,428.657074,61862.4273,78653.54688
2135.1172,2156.83252,191.3506,195.2975311,20229.0853,24842.38867,26749.3109,37135.04688,14822.5445,14201.28223,3.1,0.946656048,346.9623,331.1799316,64477.4708,80025.89063
2421.2111,2306.890625,251.4674,209.2516785,26520.0741,31373.20898,38194.5982,48980.42578,16274.067,16790.24805,3.965,3.406948805,426.6313,405.734436,84092.0141,101125.9766
2304.9627,2281.988037,270.8727,187.1077271,27369.6433,27363.4668,39331.2671,41312.08984,15878.5495,15792.46191,2.65,3.093830585,437.8074,408.6916809,85595.7527,88442.98438
2257.7943,2163.735596,247.7009,160.1737518,21877.728,18126.0625,28610.5238,22164.35742,13209.31,12976.94043,0.9913,0.361960709,450.1566,362.7026672,66654.2049,58259.44922
2413.9119,2145.167725,201.1365,136.9323578,21600.6136,18599.85352,27480.0969,22929.24414,14375.7701,13267.31738,9.8767,0,427.269,357.174469,66508.6747,58962.26563
2189.8308,2192.952637,188.8031,172.764389,18735.1069,19393.30078,24053.0668,23409.95117,12706.2771,12922.55859,2.51,1.688828468,391.4826,394.0782166,58267.0773,59580.71875
2337.4221,2349.94043,240.0246,200.9976196,25164.5981,28894.79688,34997.9869,43271.89453,14266.4735,15856.16309,2.4616,1.927573085,433.5868,390.7542114,77442.5536,91153.35938
2161.4721,2151.729492,201.3003,169.0634308,20787.8497,18173.66602,27996.88,21765.74414,13620.3813,12555.51367,2.32,1.254001737,410.9652,372.5709229,65181.1686,57354.89844
2123.8044,2080.881836,202.4093,123.9821625,18119.7115,16398.64648,22883.8001,19851.46094,12565.6379,12584.0127,1.7228,0,366.1603,363.3730164,56263.2463,52158.78125
2141.3903,2073.769043,206.3436,113.1667862,17238.322,17543.8418,21313.6835,23352.59375,12342.5969,12543.17871,2.13,0,378.0213,394.3608704,53622.4876,56194.66797
2070.5022,2145.743896,213.7945,151.0996704,16973.2495,17220.70703,20369.0753,20542.77344,11659.5942,12130.58789,2.52,0,367.9312,338.3827515,51656.6669,56801.60547
2014.2414,2047.153687,153.8693,120.2171555,16876.0346,17368.3418,19886.4847,20184.5,12069.617,12433.42871,0.783,1.329652667,379.8625,400.6598206,51380.8925,54791.58984
2005.5488,2168.743652,135.331,114.8129578,16508.6263,17219.55078,20072.4321,19065.57422,11323.1453,12592.13281,0.96,0.28092286,389.6581,317.4447021,50435.7016,52822.79688
1998.2664,2283.108887,149.5131,170.7756042,17140.0903,19932.55664,20552.9163,22340.98242,11231.524,12532.50977,1.22,2.048434258,402.6347,320.2747498,51476.1648,59387.33594
2002.3319,2227.084473,139.3534,150.3274994,17339.5438,19336.49609,20650.4663,25361.57031,11716.2926,12707.19531,0.48,2.879257679,366.2935,333.5278625,52214.7615,60436.66797
2133.0988,2217.926758,151.0505,167.3917084,18374.5781,21081.25977,21987.246,30103.66992,12900.6954,13668.80469,0.1674,4.51118803,404.8442,407.8649292,55951.6804,67194.375
1941.7783,2178.750244,170.5343,184.2684631,16026.3489,17864.61133,19279.7986,19788.06641,11331.6419,12318.70898,0.1,4.606174946,389.1909,413.4760437,49139.3929,53635.67188
2006.5309,2119.171631,139.1329,170.9880829,15442.974,15456.75684,17804.7557,17093.34766,10912.1783,11639.91309,0.1,0.393725932,363.764,357.5974121,46669.4358,47045.88281
1931.5283,2135.333252,138.5951,159.2924805,15119.5257,16200.60156,17630.4266,19705.61914,11253.0853,12171.18945,0.11,1.139772892,354.1998,376.802002,46427.4708,50094.37891
1951.0537,2106.348145,145.2748,175.632019,15814.0057,17510.63281,18585.6744,19542.74609,11313.6339,11512.12793,0.12,1.29361999,392.9842,421.7055969,48202.7467,51031.22266
1891.497,2071.996338,146.027,176.0052338,16445.9324,17490.54492,19059.5981,17786.63281,10454.4806,11279.68164,1.0272,0.023373609,384.2208,398.306366,48382.7831,48731.47266
1949.9873,2121.873047,139.6643,162.197876,16578.2549,18202.67188,18648.8778,20416.79492,11317.045,12240.0459,0.3251,1.21269083,416.9086,383.9723206,49051.063,55295.88281
2144.3773,2208.979248,203.8657,169.8625946,19539.2667,23056.54102,23434.9278,32917.25391,13686.9457,14954.30469,0.15,0,431.8577,376.6812744,59441.3909,76306.375
2205.8708,2202.659424,144.1898,174.9561768,17500.01,21722.51172,21133.4703,31568.61133,11556.2027,13361.4834,0.3998,4.793507099,486.4349,440.7294006,53026.5783,69120.34375
2003.3737,2146.247559,156.4037,154.3981781,16288.1182,14743.65332,18729.5922,18148.90039,11522.8702,11861.25586,0.1577,1.135068059,395.6671,354.5758057,49096.1828,46260.98828
2031.1665,2142.494629,165.3362,151.6867676,16195.5097,14412.1875,18634.7002,16144.35938,11482.268,11522.00391,0.1433,0,399.2612,346.8612671,48908.3851,45146.85938
2097.1974,2114.921143,204.1946,135.5200958,17055.4092,15895.84766,19119.8634,17638.9668,11737.1916,11309.53711,0.3893,0,447.2418,409.773407,50661.4873,47913.17188
2069.8828,2280.769775,221.0048,234.2073517,16876.5501,26227.15234,19480.6632,36234.76563,12340.6433,13886.76563,1.9906,3.1412673,414.5728,468.5203552,51405.3076,79378.46094
2393.9647,2238.950928,229.5291,233.930191,20220.8143,21337.03516,22549.3867,24343.89648,13588.2263,12251.24121,2.8663,3.396145344,535.1215,440.1577454,59519.9089,63118.90625
2118.9175,2021.651855,155.94,195.4322357,16776.8675,18335.02539,18736.0938,25866.44141,11121.7915,11133.61523,1.5816,9.914619446,529.9784,509.3302002,49441.1703,54700.625
1980.6189,1915.128296,201.8715,143.4865875,15970.3021,15988.35352,18187.2331,21079.2168,11336.3447,10084.55566,0.6274,8.559502602,416.7497,507.3684998,48093.7474,48503.35938
2010.3286,2008.157959,203.9731,186.6088257,15978.8949,17180.89453,18102.6449,17299.875,11245.8643,10216.54004,0.6306,4.922270775,417.5745,440.9144897,47959.9109,48121.98047
2013.4492,2065.716797,202.6119,182.1954803,15930.2006,18251.02344,18024.4753,17783.9668,11159.725,10316.875,0.6096,6.525734425,418.6366,469.7496643,47749.7082,49947.74219
2033.054,2051.73584,156.8908,175.2677155,15853.5911,16938.48438,17988.239,16891.3125,11083.3413,10801.51465,0.6231,2.37477231,416.8075,418.6547852,47532.5468,48890.37891
2039.0486,2009.386475,194.335,140.791626,15881.8439,17043.48633,17977.0384,18512.92969,11209.9638,11013.5459,0.5995,0.866483092,417.5756,444.7042542,47720.4048,49234.9375
2039.5712,2038.795288,186.7892,148.2674713,15841.8281,18572.08203,17893.3451,22879.79297,10818.5613,11993.92383,0.6461,1.142500997,417.167,456.9624023,47197.908,57037.42188
1975.9174,2064.699219,264.4649,153.6703339,16881.1146,20490.86914,19645.6054,25599.82031,12025.0903,13470.83984,2.2551,0,505.7955,434.1490479,51300.2432,64207.73438
1987.1651,2003.278564,129.2398,114.9359665,16420.1726,17092.31836,19113.4355,21930.45117,10990.6226,11334.4707,0.3028,0,429.1361,435.4963074,49070.0745,53975.58594
2007.1195,2092.903809,143.038,170.857254,15718.6988,15893.59961,17382.2431,16668.22461,11169.3426,11013.78516,1.798,0.451306134,438.4127,412.9315491,46860.6527,46506.05469
2096.0274,2126.130859,130.9173,164.857132,15273.129,14347.93359,17073.028,15492.66992,10859.2813,11041.47266,0.1983,0.042539008,408.2669,386.2930298,45840.8482,44182.66797
2133.2106,2147.452637,126.5465,173.0887909,15977.6169,16572.61133,17927.1086,18478.83594,10558.0571,10882.52734,0.2025,3.080271959,423.0547,448.5279846,47145.7969,49258.29297
2093.0294,2144.156494,119.6625,191.1426086,17049.5354,19898.57031,18869.1826,19540.62305,10053.0252,10806.32715,0.3563,4.144841194,442.5328,505.4262085,48627.3242,54232.72656
1942.3842,1972.199585,123.7155,145.9431,16338.0877,15089.48926,17849.3911,14874.02051,10644.6222,10089.36523,0.2197,0,431.0854,393.6444702,47329.5058,44299.44141
2004.8034,2045.196045,140.3928,159.0531921,15968.8825,15884.62988,17495.9166,16975.33789,10871.6916,10863.23633,0.1728,0.409713566,453.781,421.5392761,46935.6407,46754.86328
1973.38,2052.507568,143.7963,156.1859741,16038.7458,16006.16113,17342.7609,20099.87305,10986.2628,11242.3418,0.4755,3.496610403,446.2926,455.4100952,46931.7139,49373.16797
1955.1228,2161.144287,137.6251,200.7625732,15659.5647,15713.43066,17115.6267,18512.21289,10958.1641,11669.59082,0.5394,4.499608517,465.7986,417.487915,46292.4414,47565.40625
2002.9545,2152.677734,120.2585,175.6776276,15586.6533,13774.42578,16951.975,15033.75391,10785.7399,11389.68945,0.2498,1.028973937,471.7062,356.7298889,45919.5372,42630.92969
2031.2888,2137.747314,141.0462,165.9087524,16323.3911,13701.49023,17862.3523,14237.48535,11215.3746,10792.96191,1.4635,0.382334441,441.7139,349.6716309,48016.6304,41784.57813
2090.0643,2193.108643,132.9518,167.1196747,16630.717,15668.14844,18182.4337,17839.38281,11010.6774,10995.03223,1.5108,5.035170078,434.8884,408.5195618,48483.2434,46527.78516
2020.4925,2188.220703,113.0356,214.7162018,15961.1806,17128.89453,17052.7553,14907.29004,10768.869,11010.2793,0.2836,5.286393166,440.5623,389.4243469,46357.1789,43693.12891
1988.6928,2104.076904,113.7965,185.025116,15932.8226,16444.67578,16934.3152,14658.36719,10775.4969,11337.85352,0.3541,0,454.6111,412.856842,46200.0892,47076.90625
2037.136,2102.831055,142.4271,170.5432129,16070.4848,17765.63477,17022.2265,16027.46094,10993.3283,11310.54102,0.5043,0,449.3074,411.9996643,46715.4144,50152.98828
2061.5728,2164.328369,137.5916,192.2812195,15993.3576,16057.69824,16964.5257,17011.92383,10994.1621,11639.08203,0.5141,0.363374144,438.8753,376.8907471,46590.5992,48081.14453
2065.5677,2176.577148,126.3174,192.5182343,15853.982,15391.37598,17060.469,15290.03223,11035.7655,11532.4043,0.319,0,435.9952,342.362854,46578.4158,46181.58594
2093.7735,2136.371094,125.0686,170.9054108,16541.2756,14901.88574,17844.2715,15760.76074,10516.8617,10876.70898,0.3607,0,486.1351,371.4529114,47607.7467,45381.6875
2112.2857,2118.25415,143.1899,164.8861694,17621.1968,19550.20508,18517.0689,19531.19922,10090.9461,10606.2334,0.6678,0.493269384,493.9627,486.3539734,48979.3179,52968.03125
2115.9599,2159.539795,131.9252,173.9408722,17058.7679,22196.09766,17513.9682,18185.20703,11186.6184,12225.35059,0.6302,2.992952824,472.2449,501.0583496,48480.1147,57084.05078
2105.8785,2214.795166,143.8938,243.7108154,17057.6439,21087.56836,17354.0546,17567.71484,11142.0091,12230.56055,2.372,1.721619248,459.9684,430.4330444,48265.8203,55488.55078
2114.7659,2159,176.4735,190.5611267,16801.4385,16495.94531,17429.8403,15848.77344,11114.9398,11576.80371,2.8685,0.991957664,576.653,368.000885,48216.9795,47375.97266
2106.1351,2233.288818,152.4847,227.4084625,16721.6471,15281.20215,17359.9392,15972.69824,11179.1335,12114.65039,0.3369,1.594390273,483.7227,343.9504395,48003.3992,46573.17578
2098.9204,2199.904053,144.2966,192.1655731,17084.103,19967.45898,17347.6628,23509.95898,11020.2147,11495.92578,0.3893,1.47346735,478.1826,492.447998,48173.7694,57226.70313
2166.1847,2108.26416,135.4396,101.2360382,18195.3496,21451.25195,18498.8846,19374.72461,11259.8522,11086.97949,0.3274,3.270201206,504.11,553.4412842,50760.1481,55565.83984
2170.7212,2214.661865,151.7783,159.6791077,19501.0944,22502.28711,19054.217,18893.5918,11420.5613,11549.43262,0.6069,2.827694654,502.6667,474.5,52801.6458,56666.52344
2176.0416,2133.346436,157.0166,178.9018555,17897.9358,18156.76367,17789.6442,16974.0332,11029.8968,11694.08887,1.7865,2.225266933,484.3581,440.4358521,49536.6796,49568.77734
2148.8924,2140.484375,127.9413,161.5558014,17548.6225,18339.82813,17804.8921,20349.95703,11159.1161,11271.17578,0.24,7.821074486,465.8368,528.9255981,49255.5412,50008.51953
2193.7093,2233.541748,129.487,230.9256897,17210.9092,18244.24609,17447.7243,22216.28711,11402.9523,11720.47559,0.3,7.869753838,451.5889,522.7788696,48836.671,54061.33203
2129.5785,2198.535645,132.9988,225.7172241,17252.3554,16389.40039,17380.7845,13824.0166,11140.3168,11762.16211,0.45,0,453.6054,339.3045959,48490.0894,46356.28125
2098.6949,2257.012207,130.0315,205.1059418,17375.255,18725.98828,17670.5793,16868.92578,11274.192,11288.3584,1.95,2.683010101,467.7668,409.3461914,49018.4695,49847.55078
2186.6736,2275.478516,140.1542,274.7931213,18253.8075,20902.92578,18518.4292,18509.05469,11464.3452,12182.23926,1.8678,3.266203165,491.284,425.5493469,51056.5615,56253.76563
2277.594,2295.999512,141.6486,271.7742615,19031.4162,20189.00391,19067.7688,18447.68164,10989.0554,12142.72852,0.5208,3.808609009,475.1671,393.6358643,51983.1709,55188.96875
2164.69,2261.040527,135.2838,259.9733887,17978.4845,18256.89844,17662.1383,17391.99609,11314.0778,12753.56152,0.27,2.733110428,489.6258,366.086853,49744.5702,50080.05078
2120.7506,2217.45752,151.1254,227.6967316,18234.3995,20202.41602,17977.7252,19977.99023,11288.2908,11960.3623,0.29,2.580498934,486.3667,420.7221375,50258.9482,55149.66797
2215.0104,2204.369629,155.9851,221.0226135,18507.1213,18888.98828,17930.5248,17472.24609,11367.9036,11970.36035,0.9487,1.614576221,477.4946,410.3934021,50654.9885,52305.80078
2159.0627,2253.576172,150.7512,252.3409424,18972.6626,21679.11719,18351.0424,18347.13086,11524.1889,12413.42969,0.4566,0.409286082,486.3595,381.198822,51644.5239,55534.83203
2106.185,2192.48584,143.9932,203.0879974,19368.088,18699.83594,18525.0455,17261.82617,12067.3278,11689.59668,2.909,1.595848083,524.0121,373.5872498,52737.5606,51520.24609
2236.0657,2285.846924,182.9802,268.7791748,22537.4535,25322.82422,20214.3002,18539.92578,12776.0253,12916.20508,4.5615,0,512.3735,356.9771423,58463.7599,61900.44531
2331.8756,2409.17334,195.3714,217.4297333,25188.1583,30940.89063,21708.9889,21692.01563,13111.9514,13472.58887,0.3129,1.126597285,534.8052,444.5819702,63071.4637,69971.10938
2246.084,2318.002441,174.6354,232.7335663,24489.7273,26489.57227,20291.741,18732.98242,12512.8731,13473.23535,0.56,0,529.1701,380.8360291,60244.7909,63962.14063
2307.5446,2482.173096,201.3836,348.2197266,25870.1839,32370.21484,21107.7563,23434.22852,12366.5159,14539.06934,0.6251,0.496958643,503.9247,402.7428589,62357.9341,73701.11719
2317.4571,2350.640625,194.96,286.9492798,26782.5555,23541.38477,21222.1791,18093.0918,12385.9695,12950.31641,0.9752,1.594326019,530.1772,380.7176819,63434.2736,57090.24219
2326.7566,2442.393066,182.105,306.3585815,25723.1806,28395.48633,20580.1254,20504.5293,12621.4685,14000.16309,61.3516,5.869035244,523.7014,432.4621887,62018.6891,68620.21875
2376.1866,2416.997803,197.4004,279.5378418,25575.3058,30929.71484,20792.9968,22863.60938,13248.6961,13744.42871,13.5897,2.507536411,512.1463,453.7163391,62716.3217,72060.94531
2333.5866,2330.736328,164.6374,280.095459,25945.7078,24841.79102,21812.8254,20611.37109,12774.0201,12347.12695,7.1989,4.626410484,495.9737,467.7487183,63533.9499,61588.51172
2298.1107,2235.103027,160.9409,221.1033936,25480.8824,22724.66602,21711.9087,17986.8418,11694.5331,11455.63281,4.978,0.017472761,528.2667,397.8945923,61879.6205,57111.6875
2153.4754,2256.637207,161.0959,251.213623,22893.2073,21102.60742,19435.0785,15451.12305,12177.6586,12594.03809,2.7959,0,460.8639,371.1083679,57284.1755,53138.96875
2211.0527,2245.330566,160.7497,233.3698578,22192.4295,21169.88281,19288.7592,18695.375,12112.6245,12025.81934,3.7346,4.058804512,480.0177,437.9892883,56449.3679,53348.24609
2280.9416,2339.686523,217.0417,256.278656,23782.444,27706.41797,20245.6419,24147.11328,12024.0443,12874.4082,0.08,4.408009529,521.9901,526.7423096,59072.1836,67370.94531
2358.4097,2330.723389,184.5238,197.3321686,26589.2187,27664.98828,21118.9467,20699.1543,13179.0316,13742.38574,1.0347,0,553.9227,446.7915955,63985.0879,66983.39844
2302.555,2440.717529,184.0012,214.8703918,26753.3436,30616.44922,21462.4724,23046.56445,13768.6782,13946.94824,20.2598,4.424738884,532.906,530.3088989,65024.2162,70587.85938
2343.2318,2345.542969,189.237,229.9698486,30195.6744,32725.46484,23396.5201,23242.43164,13481.4676,13353.89844,3.2499,1.766750336,588.8429,445.1583862,70198.2237,71939.71094
2427.465,2341.350342,187.7374,309.40802,28812.8375,25410.0332,23245.145,21685.35547,11721.4449,12779.5791,2.8603,3.766596556,576.5942,444.4758911,66974.0843,63309.82031
2286.8682,2445.410645,197.1601,288.1211548,27499.6498,30899.47461,21647.6297,23900.32227,12984.4631,14101.51172,3.05,6.815607548,534.7998,494.0123901,65153.6207,71606.39063
2430.3722,2505.66333,176.2411,299.2371521,30725.7613,33119.45703,22526.1269,22379.44336,13329.2389,14976.28125,1.95,3.792811871,567.0569,426.4010925,69756.7473,76159.09375
2419.538,2566.564697,225.9361,399.3930359,31890.0621,34418.24219,23423.4114,22841.58203,14345.9878,15469.37891,2.1501,3.73640275,567.4238,397.3008118,72874.5093,77311.02344
2444.5041,2621.442871,182.7893,414.9854736,33080.6779,35717.82422,23880.7371,24354.14648,13752.4281,15795.43066,0.182,1.537454963,560.1461,424.5856628,73901.4646,78488.95313
2510.4382,2607.934814,241.569,319.1210327,33638.3527,36044.83984,24870.4243,24230.58594,14337.6592,15704.80273,1.61,0,624.5467,436.874115,76224.6001,80225.1875
2619.6007,2657.653564,204.0556,463.2561035,38149.0459,39066.03906,28069.0438,26708.44531,14624.3097,15484.01367,0.6188,4.553455353,645.3556,349.5362244,84312.0301,84863.14063
2629.7719,2689.853516,237.9239,489.6228027,37102.0071,37704.64844,27836.3321,27125.7168,12831.6996,15258.16699,3.02,4.094481468,630.8382,360.638031,81271.5928,83486.28906
2389.6114,2542.101563,174.4804,358.1696472,32937.8389,34160.18359,24719.7149,23199.24609,14208.9297,15646.30469,0.9877,2.897034407,662.9904,452.9342346,75094.5534,75523.53906
2505.2255,2467.74292,238.6443,243.6654053,35696.9471,33315.11328,26119.4341,22574.14063,14093.0073,14972.87793,1.2504,0,719.9371,404.2503967,79374.4458,75210.09375
2711.8486,2442.801758,230.9432,233.3925018,37876.4616,31889.10547,27769.6841,22481.75391,14913.2814,14463.28906,2.2998,1.996663451,745.6771,470.6841125,84250.1958,72476.13281
2543.3642,2519.722656,264.6844,278.0475159,36528.7504,35308.96484,26300.2905,25817.70508,14026.7973,14831.18945,3.3167,0.745708466,658.6778,468.8323364,80325.8813,79333.07813
2436.0592,2545.312256,233.3562,309.7648621,36754.7002,36541.84375,27055.5813,25637.77148,14121.3644,15043.07324,3.5808,0,674.5796,425.8016357,81279.2217,80795.40625
2799.4585,2577.509521,229.374,176.4759216,42779.0283,42498.53125,31731.389,31470.59766,14399.5865,14488.91895,6.1389,0.216460794,751.4559,546.1834717,92696.4311,90776.60938
2654.5338,2608.005615,287.0143,124.2169724,46906.1415,43856.73047,34219.0292,31123.74414,13726.8529,14605.88965,0.934,6.04316473,793.173,591.7694702,98587.6787,91747.8125
2594.1125,2580.868164,232.583,253.6325531,41377.1715,41720.46484,29951.6841,29149.56836,14350.2672,15783.65527,0.5338,2.033462286,719.1861,492.967865,89225.5382,89985.13281
2474.4462,2424.601318,241.3984,175.0453339,40943.1528,37241.45703,29465.301,25995.72266,14393.9704,14385.23535,1.1772,0,716.8166,521.2803345,88236.2626,79068.5625
2541.7549,2479.098145,244.8812,205.9547882,39839.6248,38048.56641,28694.8403,27125.71875,13920.5322,14473.91406,0.308,0.845405161,693.5119,495.6551208,85935.4533,82773.82031
2531.4889,2551.194824,235.3711,297.4853516,37924.7464,38006,27756.554,26242.26563,14018.6733,15050.24219,0.7981,1.771267414,672.3159,505.0872192,83139.9477,80770.73438
2420.1466,2471.216797,216.4358,340.5940247,35384.4911,30417.78906,26099.7164,20621.63086,13306.5293,14201.9541,0.7162,1.30728972,673.8675,410.0877075,78101.9029,69193.4375
2350.2591,2334.956543,193.2571,279.2099304,32762.6737,25673.18164,25322.7274,20524.55273,12433.9274,12391.49902,0.25,2.275342703,604.8691,411.8344727,73667.9638,61727.125
2429.9704,2516.438721,226.1412,342.0525208,33834.5337,30108.37109,26168.8002,25181.56055,12200.8678,13361.47461,0.4347,8.886001587,644.4963,506.4141846,75505.2443,72480.05469
2410.0799,2430.130615,212.6231,243.5225983,33771.6228,33834.28516,25056.4452,22806.81055,13355.6619,14501.5918,3.5013,6.161527634,694.6265,491.7406616,75504.5607,75561.61719
2367.29,2504.73584,242.9381,342.3858643,33838.1742,33054.99219,25154.0683,22455.92188,13857.1638,14873.36719,2.0745,0.31543836,632.765,418.4207764,76094.4739,74249.89844
2468.5008,2507.576172,254.5127,290.2240906,34550.2266,35817.01953,25717.8864,24973.85742,13810.3511,14748.93555,1.9557,0.594139755,645.7658,448.1888733,77449.1991,78192.32031
2385.2928,2413.159668,229.88,271.8158264,35231.6111,31572.00781,26214.1632,23120.49414,13309.2399,13881.63184,0.8212,0.410892248,585.4987,435.6544495,77956.5069,72554.75781
2354.2653,2236.541992,209.6584,160.1809387,33479.3378,26820.49219,25370.0007,19773.23828,12704.8751,12420.54199,1.5341,0,609.5782,443.1344299,74729.2496,63830.40234
2436.8865,2365.290039,253.7481,197.2069702,35394.5761,36503.85938,28362.0011,27309.28125,12509.7188,12653.3584,1.6845,3.837898493,693.6453,547.2979126,79652.2604,79263.11719
2331.8825,2444.208252,237.0126,191.4176941,35137.8126,39667.10547,27921.6636,31074.82031,13063.9821,13462.89258,6.687,8.280865669,735.5481,633.513855,79434.5885,85318.89063
